애플,1312
금지,1066
전자,1061
비트코인,966
테슬라,933
미국,916
코로나,858
인텔,851
시장,849
삼성,824
배포,791
서울,779
무단,777
기자,668
반도체,668
기업,622
전기차,605
지난해,597
주가,573
가격,566
광고,559
제공,550
사업,549
기술,538
투자,536
재,531
한국,524
올해,522
페이지,514
저작권,514
거래,508
시간,501
지난,495
경제,493
대한,489
업체,477
화폐,457
통해,456
관련,446
생산,445
현대차,437
위해,433
그룹,430
최근,428
사진,420
주식,399
국내,394
이번,393
이후,382
상승,370
이상,365
선수,365
가상,356
때문,345
개발,342
경기,342
제품,341
말,339
서비스,336
현재,331
대해,327
것,323
휴대폰,321
진행,316
출시,313
하락,306
중국,305
계획,303
세계,303
글로벌,301
기준,300
축구,299
거래소,298
검사,297
금리,297
기록,294
매일경제,294
센터,294
발표,288
예정,283
정부,279
현지,277
가장,276
및,275
부문,273
경우,271
전망,268
지원,262
대비,259
회사,259
조사,256
달러,256
설명,253
시작,252
공개,251
자동차,247
배터리,247
협력,246
인수,246
교통,246
